model,dep,mp_shock,climate_shock,component,climate_state,h,irf,se,lo68,hi68,lo90,hi90,nobs
household_unsecured_credit_rate__romer_surprise__pop_precip_shock,household_unsecured_credit_rate,romer_surprise,pop_precip_shock,MP shock during a large negative climate shock (-3 SD),-3,0,0.20134594963476454,0.2796659667790778,-0.07677007569416633,0.4794619749636954,-0.2586636301566913,0.6613555294262203,196
household_unsecured_credit_rate__romer_surprise__pop_precip_shock,household_unsecured_credit_rate,romer_surprise,pop_precip_shock,MP shock alone (no climate shock),0,0,0.24425952113829077,0.166826961625285,0.07835713401809513,0.4101619082584864,-0.030146411764353204,0.5186654540409348,196
household_unsecured_credit_rate__romer_surprise__pop_precip_shock,household_unsecured_credit_rate,romer_surprise,pop_precip_shock,MP shock during a large positive climate shock (+3 SD),3,0,0.287173092641817,0.16895791357526244,0.11915156355622508,0.45519462172740893,0.009262055695393345,0.5650841295882407,196
household_unsecured_credit_rate__romer_surprise__pop_precip_shock,household_unsecured_credit_rate,romer_surprise,pop_precip_shock,MP shock during a large negative climate shock (-3 SD),-3,1,0.5721218492572643,0.2945170682111418,0.2792370290348697,0.8650066694796589,0.08768438141105372,1.0565593171034748,196
household_unsecured_credit_rate__romer_surprise__pop_precip_shock,household_unsecured_credit_rate,romer_surprise,pop_precip_shock,MP shock alone (no climate shock),0,1,0.3569677552639421,0.16085712058744828,0.19700212362533226,0.5169333869025519,0.09238133704470758,0.6215541734831767,196
household_unsecured_credit_rate__romer_surprise__pop_precip_shock,household_unsecured_credit_rate,romer_surprise,pop_precip_shock,MP shock during a large positive climate shock (+3 SD),3,1,0.14181366127061987,0.2961969258966898,-0.1527417066698384,0.4363690292110781,-0.34538692658242653,0.6290142491236663,196
household_unsecured_credit_rate__romer_surprise__pop_precip_shock,household_unsecured_credit_rate,romer_surprise,pop_precip_shock,MP shock during a large negative climate shock (-3 SD),-3,2,1.1086107009163508,0.48555778866075666,0.625743930228766,1.5914774716039357,0.30993921114316914,1.9072821906895325,196
household_unsecured_credit_rate__romer_surprise__pop_precip_shock,household_unsecured_credit_rate,romer_surprise,pop_precip_shock,MP shock alone (no climate shock),0,2,0.5425303678023898,0.15918770071718338,0.3842249039141519,0.7008358316906278,0.2806899009116654,0.8043708346931142,196
household_unsecured_credit_rate__romer_surprise__pop_precip_shock,household_unsecured_credit_rate,romer_surprise,pop_precip_shock,MP shock during a large positive climate shock (+3 SD),3,2,-0.023549965311571275,0.5379242381232864,-0.5584929644828739,0.5113930338597313,-0.9083565994137659,0.8612566687906233,196
household_unsecured_credit_rate__romer_surprise__pop_precip_shock,household_unsecured_credit_rate,romer_surprise,pop_precip_shock,MP shock during a large negative climate shock (-3 SD),-3,3,1.078097289541124,0.5099632601603069,0.5709603053273605,1.5852342737548875,0.23928237145444642,1.9169122076278016,192
household_unsecured_credit_rate__romer_surprise__pop_precip_shock,household_unsecured_credit_rate,romer_surprise,pop_precip_shock,MP shock alone (no climate shock),0,3,0.5067406182453986,0.21060930806877298,0.29729853155905583,0.7161827049317414,0.16031913399873754,0.8531621024920597,192
household_unsecured_credit_rate__romer_surprise__pop_precip_shock,household_unsecured_credit_rate,romer_surprise,pop_precip_shock,MP shock during a large positive climate shock (+3 SD),3,3,-0.06461605305032692,0.7423664950678583,-0.8028682663013531,0.6736361602006993,-1.2857002749899453,1.1564681688892917,192
household_unsecured_credit_rate__romer_surprise__pop_precip_shock,household_unsecured_credit_rate,romer_surprise,pop_precip_shock,MP shock during a large negative climate shock (-3 SD),-3,4,0.8954867334177465,0.5560013172827197,0.34256684037093865,1.4484066264645543,-0.019054049904530856,1.810027516740024,188
household_unsecured_credit_rate__romer_surprise__pop_precip_shock,household_unsecured_credit_rate,romer_surprise,pop_precip_shock,MP shock alone (no climate shock),0,4,0.5186352668071147,0.20546701781887505,0.3143069711975356,0.7229635624166938,0.18067209732883543,0.856598436285394,188
household_unsecured_credit_rate__romer_surprise__pop_precip_shock,household_unsecured_credit_rate,romer_surprise,pop_precip_shock,MP shock during a large positive climate shock (+3 SD),3,4,0.1417838001964828,0.7359597655063331,-0.5900971903364916,0.8736647907294572,-1.0687622893869637,1.3523298897799294,188
household_unsecured_credit_rate__romer_surprise__pop_precip_shock,household_unsecured_credit_rate,romer_surprise,pop_precip_shock,MP shock during a large negative climate shock (-3 SD),-3,5,1.3463287139366322,0.7639539780365265,0.5866086580687577,2.1060487698045067,0.08973624233924671,2.6029211855340177,184
household_unsecured_credit_rate__romer_surprise__pop_precip_shock,household_unsecured_credit_rate,romer_surprise,pop_precip_shock,MP shock alone (no climate shock),0,5,0.6672606612559,0.2232744937272611,0.4452235808491586,0.8892977416626414,0.300006800442861,1.034514522068939,184
household_unsecured_credit_rate__romer_surprise__pop_precip_shock,household_unsecured_credit_rate,romer_surprise,pop_precip_shock,MP shock during a large positive climate shock (+3 SD),3,5,-0.011807391424832114,0.9167805884355081,-0.9235070747681995,0.8998922919185353,-1.519777267431682,1.4961624845820176,184
household_unsecured_credit_rate__romer_surprise__pop_precip_shock,household_unsecured_credit_rate,romer_surprise,pop_precip_shock,MP shock during a large negative climate shock (-3 SD),-3,6,2.2062004143119696,0.696877204329595,1.5131853848372299,2.8992154437867095,1.0599394172306336,3.3524614113933056,180
household_unsecured_credit_rate__romer_surprise__pop_precip_shock,household_unsecured_credit_rate,romer_surprise,pop_precip_shock,MP shock alone (no climate shock),0,6,0.38273164276545596,0.37426464756333694,0.010541213589375598,0.7549220719415364,-0.232878920218813,0.9983422057497249,180
household_unsecured_credit_rate__romer_surprise__pop_precip_shock,household_unsecured_credit_rate,romer_surprise,pop_precip_shock,MP shock during a large positive climate shock (+3 SD),3,6,-1.4407371287810575,1.0523715667246463,-2.487276329376181,-0.39419792818593424,-3.1717343172086947,0.2902600596465794,180
household_unsecured_credit_rate__romer_surprise__pop_precip_shock,household_unsecured_credit_rate,romer_surprise,pop_precip_shock,MP shock during a large negative climate shock (-3 SD),-3,7,1.9067842132762471,0.6212692727166437,1.2889580874271909,2.5246103391253034,0.8848871967347729,2.9286812298177214,176
household_unsecured_credit_rate__romer_surprise__pop_precip_shock,household_unsecured_credit_rate,romer_surprise,pop_precip_shock,MP shock alone (no climate shock),0,7,0.17483065144869525,0.4210716843643326,-0.2439074044638243,0.5935687073612148,-0.5177706357845425,0.867431938681933,176
household_unsecured_credit_rate__romer_surprise__pop_precip_shock,household_unsecured_credit_rate,romer_surprise,pop_precip_shock,MP shock during a large positive climate shock (+3 SD),3,7,-1.5571229103788566,0.9128690371881775,-2.4649327207487373,-0.6493131000089761,-3.058658857129528,-0.05558696362818516,176
household_unsecured_credit_rate__romer_surprise__pop_precip_shock,household_unsecured_credit_rate,romer_surprise,pop_precip_shock,MP shock during a large negative climate shock (-3 SD),-3,8,2.003330592632814,0.5605227939969085,1.4459142814238317,2.560746903841796,1.0813526419380266,2.9253085433276014,172
household_unsecured_credit_rate__romer_surprise__pop_precip_shock,household_unsecured_credit_rate,romer_surprise,pop_precip_shock,MP shock alone (no climate shock),0,8,0.29447314002323977,0.3383582326446793,-0.04200987177918125,0.6309561518256608,-0.2620766261512507,0.8510229061977302,172
household_unsecured_credit_rate__romer_surprise__pop_precip_shock,household_unsecured_credit_rate,romer_surprise,pop_precip_shock,MP shock during a large positive climate shock (+3 SD),3,8,-1.4143843125863342,0.7580891580430037,-2.1682720519780436,-0.6604965731946247,-2.661330013745956,-0.16743861142671235,172
household_unsecured_credit_rate__romer_surprise__pop_precip_shock,household_unsecured_credit_rate,romer_surprise,pop_precip_shock,MP shock during a large negative climate shock (-3 SD),-3,9,1.0438490538893437,0.6106090873000366,0.4366240334643099,1.6510740743143775,0.039486481994350786,2.0482116257843366,168
household_unsecured_credit_rate__romer_surprise__pop_precip_shock,household_unsecured_credit_rate,romer_surprise,pop_precip_shock,MP shock alone (no climate shock),0,9,0.11318319524796137,0.37039793239836305,-0.25516194855018404,0.4815283390461068,-0.49606718727281207,0.7224335777687348,168
household_unsecured_credit_rate__romer_surprise__pop_precip_shock,household_unsecured_credit_rate,romer_surprise,pop_precip_shock,MP shock during a large positive climate shock (+3 SD),3,9,-0.8174826633934209,0.5990383616532219,-1.4132010844845224,-0.22176424230231928,-1.80281308524179,0.16784775845494837,168
household_unsecured_credit_rate__romer_surprise__pop_precip_shock,household_unsecured_credit_rate,romer_surprise,pop_precip_shock,MP shock during a large negative climate shock (-3 SD),-3,10,0.7444429119026622,0.7090424144080572,0.039330093364493,1.4495557304408315,-0.4218280750988589,1.9107138989041834,164
household_unsecured_credit_rate__romer_surprise__pop_precip_shock,household_unsecured_credit_rate,romer_surprise,pop_precip_shock,MP shock alone (no climate shock),0,10,0.10333494486520332,0.4095583030816244,-0.30395353826832744,0.5106234279987341,-0.5703285154066966,0.7769984051371033,164
household_unsecured_credit_rate__romer_surprise__pop_precip_shock,household_unsecured_credit_rate,romer_surprise,pop_precip_shock,MP shock during a large positive climate shock (+3 SD),3,10,-0.5377730221722555,0.6835528060350984,-1.2175374987240066,0.14199145437949545,-1.6621173343919429,0.5865712900474317,164
household_unsecured_credit_rate__romer_surprise__pop_precip_shock,household_unsecured_credit_rate,romer_surprise,pop_precip_shock,MP shock during a large negative climate shock (-3 SD),-3,11,0.20978828369136493,0.7334267079414604,-0.5195736877775977,0.9391502551603276,-0.9965912969692239,1.4161678643519537,160
household_unsecured_credit_rate__romer_surprise__pop_precip_shock,household_unsecured_credit_rate,romer_surprise,pop_precip_shock,MP shock alone (no climate shock),0,11,0.15419484404542744,0.36686940605388607,-0.21064132891333953,0.5190310170041944,-0.44925162911983924,0.7576413172106942,160
household_unsecured_credit_rate__romer_surprise__pop_precip_shock,household_unsecured_credit_rate,romer_surprise,pop_precip_shock,MP shock during a large positive climate shock (+3 SD),3,11,0.09860140439948996,0.8894863679144952,-0.7859553261806907,0.9831581349796706,-1.3644734739885584,1.5616762827875386,160
household_unsecured_credit_rate__romer_surprise__pop_precip_shock,household_unsecured_credit_rate,romer_surprise,pop_precip_shock,MP shock during a large negative climate shock (-3 SD),-3,12,-0.4783220830438457,0.641478526890825,-1.1162454610202062,0.15960129493251485,-1.5334603646117062,0.5768161985240148,156
household_unsecured_credit_rate__romer_surprise__pop_precip_shock,household_unsecured_credit_rate,romer_surprise,pop_precip_shock,MP shock alone (no climate shock),0,12,0.23079081115008246,0.3969430633943663,-0.16395234742787393,0.6255339697280389,-0.42212242636736885,0.8837040486675338,156
household_unsecured_credit_rate__romer_surprise__pop_precip_shock,household_unsecured_credit_rate,romer_surprise,pop_precip_shock,MP shock during a large positive climate shock (+3 SD),3,12,0.9399037053440107,0.8111127381371066,0.1332862487317168,1.7465211619563046,-0.3942580238473483,2.2740654345353697,156
