,ZAF
1940-01-01,20.212903225806453
1940-02-01,21.156206896551723
1940-03-01,19.120322580645162
1940-04-01,16.483333333333334
1940-05-01,12.908709677419356
1940-06-01,11.430333333333333
1940-07-01,10.576129032258065
1940-08-01,13.883225806451613
1940-09-01,16.705333333333332
1940-10-01,19.432258064516127
1940-11-01,21.182000000000002
1940-12-01,21.966129032258067
1941-01-01,22.532258064516128
1941-02-01,20.580357142857142
1941-03-01,19.44709677419355
1941-04-01,18.800333333333334
1941-05-01,15.38225806451613
1941-06-01,11.745000000000001
1941-07-01,10.945483870967742
1941-08-01,15.27258064516129
1941-09-01,16.127333333333333
1941-10-01,19.80806451612903
1941-11-01,19.81
1941-12-01,20.985806451612902
1942-01-01,21.427096774193547
1942-02-01,20.334285714285716
1942-03-01,18.700645161290325
1942-04-01,16.625999999999998
1942-05-01,13.429032258064517
1942-06-01,11.934
1942-07-01,9.711935483870967
1942-08-01,12.947096774193549
1942-09-01,15.644333333333332
1942-10-01,17.649354838709677
1942-11-01,18.428333333333335
1942-12-01,18.906451612903226
1943-01-01,20.17064516129032
1943-02-01,19.552857142857142
1943-03-01,18.77741935483871
1943-04-01,17.118333333333332
1943-05-01,14.995806451612903
1943-06-01,11.208333333333334
1943-07-01,10.243548387096775
1943-08-01,11.185161290322581
1943-09-01,15.780666666666667
1943-10-01,17.396774193548385
1943-11-01,17.67366666666667
1943-12-01,18.601612903225806
1944-01-01,20.15096774193548
1944-02-01,18.37
1944-03-01,17.89483870967742
1944-04-01,16.063666666666666
1944-05-01,11.644838709677419
1944-06-01,10.328333333333335
1944-07-01,10.186129032258064
1944-08-01,14.234838709677419
1944-09-01,16.564666666666668
1944-10-01,19.940967741935484
1944-11-01,18.583333333333332
1944-12-01,19.619032258064518
1945-01-01,19.103225806451615
1945-02-01,20.368571428571432
1945-03-01,18.72741935483871
1945-04-01,17.256666666666668
1945-05-01,13.272258064516128
1945-06-01,9.363
1945-07-01,10.56258064516129
1945-08-01,12.93741935483871
1945-09-01,18.023666666666667
1945-10-01,19.09225806451613
1945-11-01,19.569000000000003
1945-12-01,20.371290322580645
1946-01-01,20.168387096774193
1946-02-01,20.520714285714288
1946-03-01,18.11806451612903
1946-04-01,16.375333333333334
1946-05-01,13.843870967741937
1946-06-01,9.529333333333334
1946-07-01,10.62225806451613
1946-08-01,12.149999999999999
1946-09-01,17.017333333333333
1946-10-01,18.563225806451616
1946-11-01,19.02466666666667
1946-12-01,21.139032258064518
1947-01-01,21.163870967741936
1947-02-01,19.756071428571428
1947-03-01,18.11
1947-04-01,16.014333333333333
1947-05-01,12.439032258064517
1947-06-01,10.235333333333333
1947-07-01,9.352580645161291
1947-08-01,13.088709677419354
1947-09-01,14.822333333333335
1947-10-01,19.193870967741937
1947-11-01,20.538666666666664
1947-12-01,19.27258064516129
1948-01-01,19.999032258064517
1948-02-01,19.863793103448273
1948-03-01,18.523870967741935
1948-04-01,15.118333333333334
1948-05-01,13.255806451612903
1948-06-01,10.296666666666665
1948-07-01,10.581612903225805
1948-08-01,12.383870967741935
1948-09-01,15.654333333333334
1948-10-01,17.571290322580648
1948-11-01,19.071666666666665
1948-12-01,20.681290322580644
1949-01-01,22.549354838709675
1949-02-01,21.41357142857143
1949-03-01,19.509032258064515
1949-04-01,16.841666666666665
1949-05-01,12.657741935483871
1949-06-01,10.909666666666668
1949-07-01,10.716774193548387
1949-08-01,13.476774193548387
1949-09-01,17.012999999999998
1949-10-01,18.842903225806452
1949-11-01,18.832666666666668
1949-12-01,21.134193548387096
1950-01-01,20.448387096774194
1950-02-01,20.344642857142855
1950-03-01,19.74258064516129
1950-04-01,16.316
1950-05-01,11.95774193548387
1950-06-01,11.215666666666667
1950-07-01,10.495806451612903
1950-08-01,11.780967741935482
1950-09-01,16.87666666666667
1950-10-01,19.036129032258064
1950-11-01,19.727666666666668
1950-12-01,21.531612903225806
1951-01-01,20.40032258064516
1951-02-01,20.761071428571427
1951-03-01,18.923548387096773
1951-04-01,17.229666666666667
1951-05-01,13.329677419354839
1951-06-01,9.877999999999998
1951-07-01,9.656129032258063
1951-08-01,12.761935483870968
1951-09-01,16.241
1951-10-01,18.627741935483872
1951-11-01,19.848333333333336
1951-12-01,22.791290322580643
1952-01-01,22.391612903225806
1952-02-01,19.37
1952-03-01,18.982903225806453
1952-04-01,17.507
1952-05-01,13.368387096774194
1952-06-01,11.371
1952-07-01,10.720967741935485
1952-08-01,13.329032258064515
1952-09-01,16.393
1952-10-01,20.589354838709678
1952-11-01,21.196
1952-12-01,20.296451612903226
1953-01-01,22.476451612903226
1953-02-01,20.922500000000003
1953-03-01,19.40806451612903
1953-04-01,16.840666666666667
1953-05-01,14.555483870967741
1953-06-01,10.530333333333335
1953-07-01,9.862903225806452
1953-08-01,13.100645161290323
1953-09-01,16.458666666666666
1953-10-01,20.918064516129032
1953-11-01,20.237000000000002
1953-12-01,20.646451612903224
1954-01-01,20.968387096774194
1954-02-01,21.30892857142857
1954-03-01,20.009032258064515
1954-04-01,17.362000000000002
1954-05-01,13.936451612903225
1954-06-01,9.469333333333333
1954-07-01,9.36483870967742
1954-08-01,11.915806451612903
1954-09-01,16.477666666666668
1954-10-01,19.408709677419353
1954-11-01,19.127
1954-12-01,19.434516129032257
1955-01-01,20.48741935483871
1955-02-01,19.215
1955-03-01,18.156451612903226
1955-04-01,15.610333333333333
1955-05-01,13.12774193548387
1955-06-01,9.672333333333334
1955-07-01,9.845161290322581
1955-08-01,11.96774193548387
1955-09-01,15.624333333333334
1955-10-01,17.23709677419355
1955-11-01,17.84333333333333
1955-12-01,19.219032258064516
1956-01-01,21.197741935483872
1956-02-01,20.30448275862069
1956-03-01,19.845483870967744
1956-04-01,17.183
1956-05-01,13.341935483870968
1956-06-01,10.383999999999999
1956-07-01,11.009032258064515
1956-08-01,12.911612903225807
1956-09-01,15.506
1956-10-01,18.572580645161292
1956-11-01,18.812666666666665
1956-12-01,19.017419354838708
1957-01-01,21.059032258064516
1957-02-01,20.802500000000002
1957-03-01,19.184193548387096
1957-04-01,16.720666666666666
1957-05-01,13.53967741935484
1957-06-01,9.607333333333335
1957-07-01,11.080645161290322
1957-08-01,12.310322580645161
1957-09-01,15.695333333333334
1957-10-01,17.07774193548387
1957-11-01,20.494000000000003
1957-12-01,21.137096774193548
1958-01-01,21.038387096774194
1958-02-01,20.91464285714286
1958-03-01,19.77709677419355
1958-04-01,17.337333333333333
1958-05-01,14.520645161290322
1958-06-01,9.816333333333334
1958-07-01,11.071290322580644
1958-08-01,12.491290322580646
1958-09-01,15.471
1958-10-01,18.313548387096777
1958-11-01,20.828666666666667
1958-12-01,20.779032258064515
1959-01-01,20.674838709677417
1959-02-01,20.849285714285713
1959-03-01,19.804193548387094
1959-04-01,17.715666666666667
1959-05-01,12.390645161290323
1959-06-01,11.104333333333333
1959-07-01,11.018064516129032
1959-08-01,12.166774193548388
1959-09-01,15.978666666666667
1959-10-01,18.162580645161288
1959-11-01,19.429666666666666
1959-12-01,20.144193548387097
1960-01-01,21.07741935483871
1960-02-01,20.552758620689655
1960-03-01,19.559677419354838
1960-04-01,15.662666666666667
1960-05-01,11.862903225806452
1960-06-01,10.003333333333334
1960-07-01,9.248709677419354
1960-08-01,13.662903225806453
1960-09-01,16.268
1960-10-01,19.288709677419355
1960-11-01,19.546666666666667
1960-12-01,20.640645161290323
1961-01-01,21.176451612903225
1961-02-01,21.430714285714288
1961-03-01,19.850967741935484
1961-04-01,16.807
1961-05-01,13.332258064516129
1961-06-01,11.142
1961-07-01,11.217096774193548
1961-08-01,11.548064516129033
1961-09-01,17.26966666666667
1961-10-01,18.299677419354836
1961-11-01,19.349
1961-12-01,20.103548387096776
1962-01-01,21.863548387096774
1962-02-01,21.047857142857143
1962-03-01,19.823548387096775
1962-04-01,16.326666666666668
1962-05-01,12.740645161290322
1962-06-01,10.974666666666668
1962-07-01,10.85483870967742
1962-08-01,13.344193548387098
1962-09-01,17.426333333333332
1962-10-01,19.404838709677417
1962-11-01,19.145333333333333
1962-12-01,21.330967741935485
1963-01-01,20.530322580645162
1963-02-01,21.2725
1963-03-01,19.09258064516129
1963-04-01,15.890666666666668
1963-05-01,12.23741935483871
1963-06-01,10.097333333333333
1963-07-01,9.116774193548387
1963-08-01,12.15516129032258
1963-09-01,18.147666666666666
1963-10-01,19.03548387096774
1963-11-01,19.751666666666665
1963-12-01,21.552258064516128
1964-01-01,21.65
1964-02-01,22.237241379310344
1964-03-01,21.406451612903226
1964-04-01,16.716
1964-05-01,13.775806451612903
1964-06-01,8.814666666666666
1964-07-01,8.94
1964-08-01,11.877096774193548
1964-09-01,16.119
1964-10-01,17.607741935483872
1964-11-01,19.294666666666668
1964-12-01,19.94451612903226
1965-01-01,21.34258064516129
1965-02-01,21.84857142857143
1965-03-01,20.450967741935486
1965-04-01,16.347
1965-05-01,13.469032258064518
1965-06-01,8.418
1965-07-01,10.337096774193547
1965-08-01,13.73
1965-09-01,16.508
1965-10-01,16.831290322580646
1965-11-01,19.240000000000002
1965-12-01,21.76516129032258
1966-01-01,22.590967741935486
1966-02-01,19.8425
1966-03-01,20.543548387096774
1966-04-01,16.256
1966-05-01,13.347096774193549
1966-06-01,11.554666666666666
1966-07-01,10.678709677419356
1966-08-01,13.071290322580644
1966-09-01,15.606333333333334
1966-10-01,18.631612903225808
1966-11-01,20.462
1966-12-01,21.480645161290322
1967-01-01,21.086774193548386
1967-02-01,20.138928571428572
1967-03-01,18.983870967741936
1967-04-01,15.538333333333332
1967-05-01,13.062903225806451
1967-06-01,9.469
1967-07-01,8.412580645161292
1967-08-01,12.038387096774194
1967-09-01,16.580333333333336
1967-10-01,18.188064516129035
1967-11-01,19.791333333333334
1967-12-01,21.371935483870967
1968-01-01,21.951290322580647
1968-02-01,20.22689655172414
1968-03-01,18.253548387096775
1968-04-01,14.796999999999999
1968-05-01,12.59032258064516
1968-06-01,7.661666666666666
1968-07-01,10.794193548387097
1968-08-01,12.591935483870968
1968-09-01,15.958333333333334
1968-10-01,18.350967741935484
1968-11-01,18.715
1968-12-01,21.385483870967743
1969-01-01,23.101935483870967
1969-02-01,22.41464285714286
1969-03-01,19.19516129032258
1969-04-01,16.425
1969-05-01,12.882903225806452
1969-06-01,10.705666666666668
1969-07-01,11.01774193548387
1969-08-01,13.039032258064516
1969-09-01,15.503666666666668
1969-10-01,16.99483870967742
1969-11-01,19.87933333333333
1969-12-01,20.95935483870968
1970-01-01,22.408709677419353
1970-02-01,20.51928571428571
1970-03-01,20.338064516129034
1970-04-01,17.816666666666666
1970-05-01,14.279354838709677
1970-06-01,10.683333333333334
1970-07-01,10.611612903225806
1970-08-01,13.067419354838709
1970-09-01,16.718
1970-10-01,17.884193548387096
1970-11-01,20.055333333333333
1970-12-01,20.740645161290324
1971-01-01,20.806129032258063
1971-02-01,20.09857142857143
1971-03-01,20.653548387096773
1971-04-01,17.166999999999998
1971-05-01,12.813225806451612
1971-06-01,10.850333333333333
1971-07-01,10.446451612903227
1971-08-01,11.961290322580645
1971-09-01,16.514333333333333
1971-10-01,17.618709677419353
1971-11-01,18.480999999999998
1971-12-01,20.528709677419354
1972-01-01,20.926129032258064
1972-02-01,20.301724137931036
1972-03-01,18.909354838709675
1972-04-01,16.829
1972-05-01,12.615806451612903
1972-06-01,9.616333333333333
1972-07-01,10.361290322580645
1972-08-01,12.190967741935484
1972-09-01,16.344666666666665
1972-10-01,19.26322580645161
1972-11-01,19.994000000000003
1972-12-01,22.76258064516129
1973-01-01,22.955161290322582
1973-02-01,20.87607142857143
1973-03-01,21.25483870967742
1973-04-01,16.090333333333334
1973-05-01,13.194193548387096
1973-06-01,11.159333333333333
1973-07-01,10.449677419354838
1973-08-01,11.647096774193548
1973-09-01,15.408
1973-10-01,18.035806451612903
1973-11-01,18.94
1973-12-01,19.719032258064516
1974-01-01,20.99483870967742
1974-02-01,20.718214285714286
1974-03-01,19.188387096774196
1974-04-01,15.685
1974-05-01,12.519032258064515
1974-06-01,10.400666666666666
1974-07-01,10.136774193548387
1974-08-01,11.61741935483871
1974-09-01,15.186
1974-10-01,18.458709677419357
1974-11-01,18.889333333333337
1974-12-01,20.429354838709674
1975-01-01,20.97451612903226
1975-02-01,20.136071428571427
1975-03-01,18.220000000000002
1975-04-01,15.989333333333333
1975-05-01,13.043548387096775
1975-06-01,10.581999999999999
1975-07-01,9.931290322580645
1975-08-01,12.06
1975-09-01,17.013333333333332
1975-10-01,17.37741935483871
1975-11-01,19.168666666666663
1975-12-01,19.56451612903226
1976-01-01,20.131612903225808
1976-02-01,19.708275862068966
1976-03-01,18.97483870967742
1976-04-01,16.361
1976-05-01,12.345161290322581
1976-06-01,9.848333333333333
1976-07-01,9.942580645161291
1976-08-01,11.631935483870967
1976-09-01,16.655
1976-10-01,16.88258064516129
1976-11-01,18.500999999999998
1976-12-01,20.796451612903226
1977-01-01,21.9158064516129
1977-02-01,21.41821428571429
1977-03-01,18.35
1977-04-01,17.581
1977-05-01,12.618387096774194
1977-06-01,10.845666666666666
1977-07-01,10.295806451612904
1977-08-01,12.444516129032257
1977-09-01,16.154999999999998
1977-10-01,18.75516129032258
1977-11-01,20.37933333333333
1977-12-01,21.718064516129033
1978-01-01,20.906129032258065
1978-02-01,20.80035714285714
1978-03-01,20.216129032258067
1978-04-01,15.412333333333333
1978-05-01,13.211935483870967
1978-06-01,9.200333333333333
1978-07-01,11.104516129032259
1978-08-01,14.360000000000001
1978-09-01,15.226333333333335
1978-10-01,16.98516129032258
1978-11-01,20.252000000000002
1978-12-01,21.227741935483873
1979-01-01,21.033870967741933
1979-02-01,21.85928571428571
1979-03-01,20.009032258064515
1979-04-01,18.457666666666668
1979-05-01,13.915161290322581
1979-06-01,10.319666666666667
1979-07-01,9.540645161290323
1979-08-01,12.98258064516129
1979-09-01,15.247000000000002
1979-10-01,18.366129032258065
1979-11-01,19.501666666666665
1979-12-01,21.199032258064516
1980-01-01,21.198064516129033
1980-02-01,21.11896551724138
1980-03-01,20.21516129032258
1980-04-01,16.731333333333332
1980-05-01,13.651612903225805
1980-06-01,10.134333333333334
1980-07-01,10.060322580645161
1980-08-01,13.058064516129033
1980-09-01,14.986666666666668
1980-10-01,18.985806451612902
1980-11-01,19.160666666666668
1980-12-01,21.230645161290322
1981-01-01,21.771935483870966
1981-02-01,20.552142857142858
1981-03-01,18.598387096774193
1981-04-01,17.170333333333335
1981-05-01,13.439677419354839
1981-06-01,9.79
1981-07-01,10.787741935483872
1981-08-01,11.359677419354838
1981-09-01,14.449333333333334
1981-10-01,16.08258064516129
1981-11-01,20.817
1981-12-01,20.686451612903223
1982-01-01,21.853870967741937
1982-02-01,22.03964285714286
1982-03-01,19.936774193548384
1982-04-01,15.408333333333333
1982-05-01,13.744838709677419
1982-06-01,10.24
1982-07-01,10.641612903225806
1982-08-01,13.077419354838709
1982-09-01,17.265666666666668
1982-10-01,18.15290322580645
1982-11-01,19.521666666666665
1982-12-01,21.984516129032258
1983-01-01,23.488709677419354
1983-02-01,22.355357142857144
1983-03-01,20.771935483870966
1983-04-01,18.886333333333333
1983-05-01,13.974516129032258
1983-06-01,11.283999999999999
1983-07-01,11.057096774193548
1983-08-01,12.053225806451612
1983-09-01,17.307666666666666
1983-10-01,18.206451612903226
1983-11-01,19.877
1983-12-01,21.325806451612905
1984-01-01,22.29516129032258
1984-02-01,22.488965517241382
1984-03-01,20.708064516129035
1984-04-01,16.765333333333334
1984-05-01,13.307741935483872
1984-06-01,10.149333333333335
1984-07-01,10.718387096774192
1984-08-01,13.129677419354838
1984-09-01,16.68433333333333
1984-10-01,18.456129032258065
1984-11-01,19.302666666666667
1984-12-01,21.220322580645163
1985-01-01,22.595483870967744
1985-02-01,21.587857142857143
1985-03-01,19.506774193548388
1985-04-01,17.018333333333334
1985-05-01,13.529354838709677
1985-06-01,11.335333333333333
1985-07-01,10.460967741935484
1985-08-01,14.093225806451612
1985-09-01,16.515666666666664
1985-10-01,19.457741935483874
1985-11-01,20.93133333333333
1985-12-01,20.575806451612905
1986-01-01,22.10483870967742
1986-02-01,21.005357142857143
1986-03-01,20.10516129032258
1986-04-01,17.897
1986-05-01,14.927096774193549
1986-06-01,11.027333333333333
1986-07-01,10.990967741935485
1986-08-01,14.05225806451613
1986-09-01,16.165
1986-10-01,17.774193548387096
1986-11-01,18.828666666666667
1986-12-01,21.537419354838708
1987-01-01,22.1658064516129
1987-02-01,22.927500000000002
1987-03-01,20.46451612903226
1987-04-01,18.667333333333332
1987-05-01,15.411612903225807
1987-06-01,10.126333333333333
1987-07-01,10.181935483870967
1987-08-01,12.314516129032258
1987-09-01,14.941333333333334
1987-10-01,17.610967741935482
1987-11-01,20.275333333333332
1987-12-01,21.743870967741938
1988-01-01,22.756129032258066
1988-02-01,21.836896551724138
1988-03-01,20.456451612903226
1988-04-01,16.208333333333332
1988-05-01,13.78483870967742
1988-06-01,9.783
1988-07-01,10.496774193548386
1988-08-01,13.839354838709676
1988-09-01,15.782333333333332
1988-10-01,17.05548387096774
1988-11-01,18.973333333333336
1988-12-01,19.796451612903226
1989-01-01,21.166451612903224
1989-02-01,19.78142857142857
1989-03-01,19.57677419354839
1989-04-01,16.26033333333333
1989-05-01,14.02
1989-06-01,10.520999999999999
1989-07-01,10.089354838709676
1989-08-01,14.303225806451612
1989-09-01,15.764000000000001
1989-10-01,17.45935483870968
1989-11-01,18.955666666666666
1989-12-01,21.100322580645162
1990-01-01,21.75483870967742
1990-02-01,20.431785714285716
1990-03-01,19.65516129032258
1990-04-01,17.095333333333333
1990-05-01,12.986129032258065
1990-06-01,10.359
1990-07-01,10.926774193548388
1990-08-01,12.59
1990-09-01,16.246333333333332
1990-10-01,18.601935483870967
1990-11-01,20.805
1990-12-01,21.386451612903226
1991-01-01,21.654838709677417
1991-02-01,21.238214285714285
1991-03-01,19.338064516129034
1991-04-01,16.989333333333335
1991-05-01,14.17741935483871
1991-06-01,10.312333333333333
1991-07-01,10.551290322580645
1991-08-01,12.581290322580644
1991-09-01,16.326
1991-10-01,18.502903225806453
1991-11-01,20.153333333333332
1991-12-01,20.838387096774195
1992-01-01,22.976451612903226
1992-02-01,23.14862068965517
1992-03-01,20.669032258064515
1992-04-01,18.565333333333335
1992-05-01,13.903225806451612
1992-06-01,10.784333333333333
1992-07-01,10.84290322580645
1992-08-01,11.896451612903226
1992-09-01,17.845333333333333
1992-10-01,18.943870967741937
1992-11-01,19.153333333333332
1992-12-01,22.068709677419356
1993-01-01,22.697741935483872
1993-02-01,20.774285714285714
1993-03-01,19.953225806451613
1993-04-01,16.89
1993-05-01,14.404838709677419
1993-06-01,10.426666666666668
1993-07-01,12.114193548387098
1993-08-01,13.04258064516129
1993-09-01,17.725
1993-10-01,18.524193548387096
1993-11-01,19.365333333333336
1993-12-01,21.16516129032258
1994-01-01,20.69483870967742
1994-02-01,20.347857142857144
1994-03-01,19.83225806451613
1994-04-01,17.287
1994-05-01,13.5
1994-06-01,9.956333333333333
1994-07-01,8.978709677419355
1994-08-01,12.435483870967742
1994-09-01,17.005333333333333
1994-10-01,17.414193548387097
1994-11-01,20.182000000000002
1994-12-01,21.47451612903226
1995-01-01,22.326451612903227
1995-02-01,22.84392857142857
1995-03-01,19.872903225806454
1995-04-01,16.231333333333332
1995-05-01,13.17483870967742
1995-06-01,10.138
1995-07-01,10.435483870967742
1995-08-01,13.435483870967742
1995-09-01,17.429666666666666
1995-10-01,18.20193548387097
1995-11-01,19.664666666666665
1995-12-01,19.355806451612903
1996-01-01,21.406129032258065
1996-02-01,20.52310344827586
1996-03-01,18.824516129032258
1996-04-01,15.881666666666666
1996-05-01,13.480645161290322
1996-06-01,10.690333333333333
1996-07-01,8.557741935483872
1996-08-01,11.334193548387097
1996-09-01,16.067
1996-10-01,18.69741935483871
1996-11-01,18.663333333333334
1996-12-01,20.88935483870968
1997-01-01,21.29516129032258
1997-02-01,21.473214285714285
1997-03-01,18.932258064516127
1997-04-01,14.819666666666667
1997-05-01,12.151612903225805
1997-06-01,10.057666666666668
1997-07-01,10.379999999999999
1997-08-01,13.619354838709677
1997-09-01,16.62
1997-10-01,18.305806451612902
1997-11-01,19.288333333333334
1997-12-01,21.716451612903228
1998-01-01,21.23774193548387
1998-02-01,21.874642857142856
1998-03-01,20.67225806451613
1998-04-01,18.377666666666666
1998-05-01,13.637419354838709
1998-06-01,11.516666666666667
1998-07-01,11.455806451612903
1998-08-01,13.038709677419355
1998-09-01,16.799333333333333
1998-10-01,18.331612903225807
1998-11-01,19.712666666666667
1998-12-01,20.39258064516129
1999-01-01,21.98032258064516
1999-02-01,22.075357142857143
1999-03-01,21.442580645161293
1999-04-01,18.31833333333333
1999-05-01,14.070967741935483
1999-06-01,11.525333333333332
1999-07-01,11.903548387096773
1999-08-01,13.327096774193548
1999-09-01,15.594333333333333
1999-10-01,18.287096774193547
1999-11-01,21.416
1999-12-01,21.11741935483871
2000-01-01,19.969677419354838
2000-02-01,20.922758620689656
2000-03-01,20.148709677419355
2000-04-01,15.900333333333332
2000-05-01,12.127096774193548
2000-06-01,11.262333333333334
2000-07-01,9.858064516129033
2000-08-01,13.58
2000-09-01,15.637666666666666
2000-10-01,18.76967741935484
2000-11-01,18.885
2000-12-01,20.990322580645163
2001-01-01,21.93935483870968
2001-02-01,21.0325
2001-03-01,20.43967741935484
2001-04-01,17.176666666666666
2001-05-01,13.84483870967742
2001-06-01,11.492333333333333
2001-07-01,9.975161290322582
2001-08-01,13.338064516129032
2001-09-01,15.485000000000001
2001-10-01,19.05322580645161
2001-11-01,19.281333333333336
2001-12-01,20.551612903225806
2002-01-01,21.63935483870968
2002-02-01,20.976428571428574
2002-03-01,20.65806451612903
2002-04-01,18.304333333333332
2002-05-01,13.841290322580644
2002-06-01,10.231333333333334
2002-07-01,10.173225806451613
2002-08-01,13.942258064516128
2002-09-01,16.14
2002-10-01,19.143870967741936
2002-11-01,19.552
2002-12-01,21.182580645161288
2003-01-01,22.443225806451615
2003-02-01,22.63357142857143
2003-03-01,20.843225806451613
2003-04-01,19.002666666666666
2003-05-01,13.890322580645162
2003-06-01,10.538
2003-07-01,10.839032258064515
2003-08-01,12.111612903225806
2003-09-01,16.791
2003-10-01,19.791935483870965
2003-11-01,20.653000000000002
2003-12-01,22.39032258064516
2004-01-01,22.087741935483873
2004-02-01,21.244137931034484
2004-03-01,19.33483870967742
2004-04-01,17.288
2004-05-01,14.480967741935483
2004-06-01,10.748333333333333
2004-07-01,9.50258064516129
2004-08-01,14.288387096774194
2004-09-01,15.382
2004-10-01,19.02225806451613
2004-11-01,22.302
2004-12-01,21.81
2005-01-01,22.144516129032258
2005-02-01,22.019642857142856
2005-03-01,19.61
2005-04-01,16.591333333333335
2005-05-01,14.222903225806451
2005-06-01,12.173
2005-07-01,11.602580645161291
2005-08-01,14.51258064516129
2005-09-01,18.022666666666666
2005-10-01,19.59
2005-11-01,20.608333333333334
2005-12-01,21.05290322580645
2006-01-01,21.643548387096775
2006-02-01,21.155357142857145
2006-03-01,18.34193548387097
2006-04-01,16.428
2006-05-01,11.543225806451613
2006-06-01,10.495000000000001
2006-07-01,12.029354838709676
2006-08-01,12.026774193548386
2006-09-01,16.141666666666666
2006-10-01,19.40806451612903
2006-11-01,20.083333333333332
2006-12-01,21.871290322580645
2007-01-01,22.565483870967743
2007-02-01,22.840714285714284
2007-03-01,20.861290322580647
2007-04-01,17.713
2007-05-01,13.706451612903225
2007-06-01,10.771666666666667
2007-07-01,10.37225806451613
2007-08-01,13.199032258064516
2007-09-01,18.452333333333335
2007-10-01,17.430967741935483
2007-11-01,19.562333333333335
2007-12-01,20.49483870967742
2008-01-01,21.15032258064516
2008-02-01,21.567586206896554
2008-03-01,19.37548387096774
2008-04-01,15.984333333333334
2008-05-01,14.560322580645161
2008-06-01,11.185
2008-07-01,10.919354838709678
2008-08-01,14.130645161290323
2008-09-01,16.038666666666668
2008-10-01,19.835483870967742
2008-11-01,20.593666666666664
2008-12-01,22.325161290322583
2009-01-01,21.904193548387095
2009-02-01,20.911785714285713
2009-03-01,19.69709677419355
2009-04-01,17.463666666666665
2009-05-01,13.781935483870969
2009-06-01,11.588
2009-07-01,9.56967741935484
2009-08-01,12.988387096774193
2009-09-01,17.31433333333333
2009-10-01,18.734516129032258
2009-11-01,19.284
2009-12-01,21.909032258064514
2010-01-01,21.411612903225805
2010-02-01,22.14428571428571
2010-03-01,20.96677419354839
2010-04-01,17.436666666666667
2010-05-01,14.818387096774194
2010-06-01,10.522666666666668
2010-07-01,11.42741935483871
2010-08-01,13.483870967741936
2010-09-01,18.045
2010-10-01,19.567741935483873
2010-11-01,20.514
2010-12-01,21.065806451612904
2011-01-01,21.183870967741935
2011-02-01,21.37035714285714
2011-03-01,21.226129032258065
2011-04-01,16.345666666666666
2011-05-01,13.67
2011-06-01,10.108333333333333
2011-07-01,9.039032258064516
2011-08-01,12.202903225806452
2011-09-01,16.992
2011-10-01,18.74516129032258
2011-11-01,20.230999999999998
2011-12-01,21.036774193548386
2012-01-01,22.692580645161293
2012-02-01,22.20758620689655
2012-03-01,20.59161290322581
2012-04-01,16.395
2012-05-01,14.872903225806452
2012-06-01,10.956333333333333
2012-07-01,11.055483870967741
2012-08-01,13.896451612903226
2012-09-01,15.588333333333333
2012-10-01,18.711290322580645
2012-11-01,20.665666666666667
2012-12-01,21.253225806451614
2013-01-01,22.519354838709678
2013-02-01,22.450357142857143
2013-03-01,20.65064516129032
2013-04-01,16.519666666666666
2013-05-01,14.01516129032258
2013-06-01,11.537
2013-07-01,12.021290322580645
2013-08-01,12.875806451612902
2013-09-01,16.898666666666667
2013-10-01,18.57
2013-11-01,20.888666666666666
2013-12-01,20.70483870967742
2014-01-01,22.956774193548387
2014-02-01,21.9175
2014-03-01,19.733225806451614
2014-04-01,16.523
2014-05-01,14.68
2014-06-01,11.207333333333334
2014-07-01,10.429354838709678
2014-08-01,13.744516129032258
2014-09-01,17.961333333333336
2014-10-01,18.982903225806453
2014-11-01,19.18566666666667
2014-12-01,21.445806451612906
2015-01-01,22.651935483870968
2015-02-01,22.179642857142856
2015-03-01,20.738064516129032
2015-04-01,17.44
2015-05-01,16.01483870967742
2015-06-01,11.218
2015-07-01,11.880645161290323
2015-08-01,15.497096774193547
2015-09-01,17.602333333333334
2015-10-01,21.58483870967742
2015-11-01,20.891333333333332
2015-12-01,24.26225806451613
2016-01-01,23.39774193548387
2016-02-01,23.34
2016-03-01,21.325806451612905
2016-04-01,18.791999999999998
2016-05-01,14.410322580645161
2016-06-01,12.194666666666667
2016-07-01,11.041290322580645
2016-08-01,14.133870967741935
2016-09-01,17.679333333333332
2016-10-01,19.717741935483872
2016-11-01,21.021333333333335
2016-12-01,22.67064516129032
2017-01-01,21.580000000000002
2017-02-01,21.361071428571428
2017-03-01,20.55290322580645
2017-04-01,17.750333333333334
2017-05-01,14.37774193548387
2017-06-01,12.336
2017-07-01,12.47709677419355
2017-08-01,13.58516129032258
2017-09-01,18.195333333333334
2017-10-01,18.006774193548388
2017-11-01,19.974
2017-12-01,21.32
2018-01-01,22.637096774193548
2018-02-01,21.53857142857143
2018-03-01,20.113870967741935
2018-04-01,17.890666666666668
2018-05-01,14.429677419354839
2018-06-01,11.910333333333334
2018-07-01,11.26741935483871
2018-08-01,14.189032258064517
2018-09-01,17.279
2018-10-01,19.118709677419353
2018-11-01,20.851333333333333
2018-12-01,23.27709677419355
2019-01-01,22.993870967741934
2019-02-01,22.177142857142858
2019-03-01,21.948387096774194
2019-04-01,17.632
2019-05-01,15.493548387096775
2019-06-01,12.112
2019-07-01,12.303548387096775
2019-08-01,15.582258064516129
2019-09-01,17.607666666666667
2019-10-01,20.848387096774193
2019-11-01,22.109666666666666
2019-12-01,21.203548387096774
2020-01-01,22.23
2020-02-01,21.897931034482756
2020-03-01,20.225161290322582
2020-04-01,16.997666666666667
2020-05-01,13.91709677419355
2020-06-01,10.835333333333333
2020-07-01,11.05967741935484
2020-08-01,12.93
2020-09-01,17.024
2020-10-01,19.970645161290324
2020-11-01,20.566333333333333
2020-12-01,21.87
2021-01-01,21.776451612903223
2021-02-01,21.090714285714284
2021-03-01,20.1
2021-04-01,18.245
2021-05-01,14.100322580645162
2021-06-01,12.153
2021-07-01,10.065483870967741
2021-08-01,13.515806451612903
2021-09-01,17.490333333333336
2021-10-01,17.986129032258066
2021-11-01,20.185333333333336
2021-12-01,20.087741935483873
2022-01-01,21.484516129032258
2022-02-01,22.10607142857143
2022-03-01,19.955806451612904
2022-04-01,16.048666666666666
2022-05-01,13.984193548387097
2022-06-01,11.032
2022-07-01,12.187096774193549
2022-08-01,13.683870967741935
2022-09-01,18.144
2022-10-01,21.013870967741934
2022-11-01,19.446
2022-12-01,20.840967741935486
2023-01-01,22.328709677419354
2023-02-01,21.189285714285713
2023-03-01,20.38032258064516
2023-04-01,17.633333333333333
2023-05-01,14.46967741935484
2023-06-01,12.047333333333334
2023-07-01,11.059354838709677
2023-08-01,13.849032258064517
2023-09-01,17.253333333333334
2023-10-01,19.148064516129033
2023-11-01,21.841333333333335
2023-12-01,21.639032258064514
2024-01-01,22.07129032258067
2024-02-01,22.836896551724156
2024-03-01,22.25161290322583
2024-04-01,17.917333333333357
2024-05-01,16.445483870967767
2024-06-01,11.917000000000026
2024-07-01,11.493870967741955
2024-08-01,14.69677419354841
2024-09-01,16.807666666666687
2024-10-01,19.03903225806454
2024-11-01,21.20466666666669
2024-12-01,23.42806451612906
2025-01-01,22.76032258064516
2025-02-01,22.154642857142857
2025-03-01,20.711290322580645
2025-04-01,17.067999999999998
2025-05-01,13.654516129032258
2025-06-01,11.086666666666668
2025-07-01,11.49741935483871
2025-08-01,14.59741935483871
2025-09-01,17.799666666666667
2025-10-01,18.919999999999998
2025-11-01,19.366
2025-12-01,20.960645161290323
